{"cameraMode":{"drawMode":0,"name":"Shaded","section":"Shading Mode"},"sceneLighting":false,"audioPlay":false,"sceneViewState":{"m_AlwaysRefresh":false,"showFog":true,"showSkybox":false,"showFlares":true,"showImageEffects":true,"showParticleSystems":true,"showVisualEffectGraphs":true,"m_FxEnabled":true},"in2DMode":false,"pivot":{"x":22.461118698120118,"y":0.33871838450431826,"z":3.534435510635376},"rotation":{"x":0.005087430588901043,"y":-0.9947905540466309,"z":0.06315434724092484,"w":0.08015057444572449},"size":0.4539600610733032,"orthographic":false}